{
  "version": 2,
  "objs": [
    {
      "type": "laser",
      "p1": {
        "x": 30,
        "y": 396
      },
      "p2": {
        "x": 67,
        "y": 396
      }
    },
    {
      "type": "mirror",
      "p1": {
        "x": 17884.333333333332,
        "y": 327.6666666666663
      },
      "p2": {
        "x": 18022.333333333332,
        "y": 465.6666666666648
      }
    },
    {
      "type": "blackcircle",
      "p1": {
        "x": 17948,
        "y": 59.33333333333326
      },
      "p2": {
        "x": 17984,
        "y": 83.33333333333326
      }
    }
  ],
  "width": 1600,
  "height": 800,
  "origin": {
    "x": -12777,
    "y": 219.00000000000006
  },
  "scale": 0.75
}