{
  "version": 2,
  "objs": [
    {
      "type": "laser",
      "p1": {
        "x": 30,
        "y": 396
      },
      "p2": {
        "x": 67,
        "y": 396
      }
    },
    {
      "type": "mirror",
      "p1": {
        "x": 17740.333333333332,
        "y": 18.333333333333243
      },
      "p2": {
        "x": 17740.333333333332,
        "y": 182.6666666666647
      }
    },
    {
      "type": "blackcircle",
      "p1": {
        "x": 17948,
        "y": 59.33333333333326
      },
      "p2": {
        "x": 17984,
        "y": 83.33333333333326
      }
    }
  ],
  "width": 1600,
  "height": 800,
  "origin": {
    "x": -17258.933333333338,
    "y": 181.53333333333336
  }
}